{
  "alunos": [
    {
      "id": "1",
      "nomeAluno": "denner cunha alves",
      "nota01": 5,
      "nota02": 6
    },
    {
      "id": "a50d",
      "nomeAluno": "Marta A Bastos",
      "nota01": 7,
      "nota02": 6
    },
    {
      "id": "9cc4",
      "nomeAluno": "Wagna",
      "nota01": 8,
      "nota02": 6
    },
    {
      "id": "ccb0",
      "nomeAluno": "Vilmar",
      "nota01": 9,
      "nota02": 7
    },
    {
      "id": "154d",
      "nomeAluno": "Waldomira",
      "nota01": 8,
      "nota02": 7
    },
    {
      "id": "085e",
      "nomeAluno": "Maria",
      "nota01": 5,
      "nota02": 4
    },
    {
      "id": "3",
      "nomeAluno": "Ana Victoria",
      "nota01": 5,
      "nota02": 4
    },
    {
      "id": "2",
      "nomeAluno": "Talita Andre Constantino Alves",
      "nota01": 8,
      "nota02": 7
    }
  ]
}